[{"type":"wrapper","sort_order":"1","specific_class":"footer-2","id_unique":"it_CLCYNGBJRIAT","child":[{"type":"row","sort_order":"1","specific_class":"full-width","id_unique":"it_BJMEWRXPUBKI","child":[{"type":"col","sort_order":"1","specific_class":"container","col_xs":"col-xs-12","col_sm":"","col_md":"","col_lg":"","id_unique":"it_FYPYCBCQWIVD","child":[{"type":"row","sort_order":"1","specific_class":"","id_unique":"it_IOTHQXPEGBFQ","child":[{"type":"col","sort_order":"1","specific_class":"","col_xs":"col-xs-12","col_sm":"col-sm-8","col_md":"","col_lg":"","id_unique":"it_MQHUCHXKAMYI","child":[{"type":"module","sort_order":"1","module_name":"themeconfigurator","id_unique":"it_MEGVKYELKPGZ","child":false}]},{"type":"col","sort_order":"2","specific_class":"","col_xs":"col-xs-12","col_sm":"col-sm-4","col_md":"","col_lg":"","id_unique":"it_AIKIWZPOBMUJ","child":[{"type":"module","sort_order":"1","module_name":"blocknewsletter","id_unique":"it_WYYZAEFXUPCO","child":false}]}]}]}]}]},{"type":"wrapper","sort_order":"2","specific_class":"footer-2-wrap-2","id_unique":"it_TIJBJJACMOXR","child":[{"type":"row","sort_order":"1","specific_class":"full-width","id_unique":"it_AHWIIHCDUXNV","child":[{"type":"col","sort_order":"1","specific_class":"container static","col_xs":"col-xs-12","col_sm":"","col_md":"","col_lg":"","id_unique":"it_UENTQHRDUREE","child":[{"type":"row","sort_order":"1","specific_class":"","id_unique":"it_NWLCKTIWCIAL","child":[{"type":"col","sort_order":"2","specific_class":"","col_xs":"col-xs-12","col_sm":"col-sm-3","col_md":"col-md-3","col_lg":"","id_unique":"it_RDTFKDRTAKZC","child":[{"type":"module","sort_order":"1","module_name":"blockmyaccountfooter","id_unique":"it_EMGNYUKUBLYP","child":false}]},{"type":"col","sort_order":"3","specific_class":"","col_xs":"col-xs-12","col_sm":"col-sm-5","col_md":"","col_lg":"","id_unique":"it_VXIWZFKESLER","child":[{"type":"module","sort_order":"1","module_name":"tmsocialfeeds","id_unique":"it_LYOBKFBCICWT","child":false}]},{"type":"col","sort_order":"1","specific_class":"","col_xs":"col-xs-12","col_sm":"col-sm-4","col_md":"col-md-4","col_lg":"col-lg-4","id_unique":"it_KUKYKZNRYLFO","child":[{"type":"module","sort_order":"2","module_name":"blockcontactinfos","id_unique":"it_WKWVYMVUILEV","child":false},{"type":"module","sort_order":"1","module_name":"tmhtmlcontent","id_unique":"it_LNJJMEUYEYQB","child":false}]}]},{"type":"row","sort_order":"2","specific_class":"","id_unique":"it_YOVSWQUKBYVJ","child":[{"type":"col","sort_order":"1","specific_class":"static","col_xs":"col-xs-12","col_sm":"","col_md":"","col_lg":"","id_unique":"it_PMCQDDZFUMDM","child":[{"type":"module","sort_order":"2","module_name":"blockcms","id_unique":"it_MFTFQDOHYKCN","child":false}]}]}]}]}]},{"type":"wrapper","sort_order":"3","specific_class":"","id_unique":"it_DZVVVJEXKFBN","child":[{"type":"row","sort_order":"1","specific_class":"","id_unique":"it_VIHHDMDZEYCM","child":[{"type":"col","sort_order":"1","specific_class":"footer_hidden","col_xs":"col-xs-12","col_sm":"","col_md":"","col_lg":"","id_unique":"it_GHYLOQAVYOAK","child":[{"type":"module","sort_order":"1","module_name":"blocklayered","id_unique":"it_NGAMBPNSIXCX","child":false},{"type":"module","sort_order":"2","module_name":"statsdata","id_unique":"it_OZFINVYSQQOS","child":false},{"type":"module","sort_order":"3","module_name":"tmnewsletter","id_unique":"it_VSLIUILEFUCD","child":false},{"type":"module","sort_order":"4","module_name":"tmolarkchat","id_unique":"it_MEKQFENCNSEV","child":false}]}]}]}]