[{"type":"wrapper","sort_order":"1","specific_class":"mg_mod","id_unique":"it_RBTBAWPZQVDN","child":[{"type":"row","sort_order":"1","specific_class":"wrap-1-top-1","id_unique":"it_QDWMMPCDTHDI","child":[{"type":"col","sort_order":"1","specific_class":"wrap-1-top-1-div","col_xs":"col-xs-12","col_sm":"col-sm-9","col_md":"","col_lg":"","id_unique":"it_JXOVCBWVVDZK","child":[{"type":"module","sort_order":"1","module_name":"homeslider","id_unique":"it_FZGHZUZPAYOJ","child":false}]},{"type":"col","sort_order":"2","specific_class":"wrap-1-top-1-div","col_xs":"col-xs-12","col_sm":"col-sm-3","col_md":"","col_lg":"","id_unique":"it_JGJRPDEGLFSK","child":[{"type":"module","sort_order":"1","module_name":"themeconfigurator","id_unique":"it_VKHULGXUHRKB","child":false}]}]}]},{"type":"wrapper","sort_order":"3","specific_class":"mg_mod","id_unique":"it_JKWNALXINYNV","child":[{"type":"row","sort_order":"1","specific_class":"wrap-1-top-1","id_unique":"it_FMFDXXZDFRKF","child":[{"type":"col","sort_order":"1","specific_class":"wrap-1-top-1-div","col_xs":"col-xs-12","col_sm":"","col_md":"","col_lg":"","id_unique":"it_LLRSXOUYTITP","child":[{"type":"module","sort_order":"1","module_name":"tmhtmlcontent","id_unique":"it_VQACETDMVYMB","child":false}]}]}]}]