[{"type":"wrapper","sort_order":"1","specific_class":"third_home","id_unique":"it_WQNBPNGVNBZY","child":[{"type":"row","sort_order":"1","specific_class":"","id_unique":"it_YUGJAPFQECOT","child":[{"type":"col","sort_order":"1","specific_class":"","col_xs":"col-xs-12","col_sm":"","col_md":"","col_lg":"","id_unique":"it_QEAHFOMCPXOA","child":[{"type":"module","sort_order":"1","module_name":"tmhtmlcontent","id_unique":"it_LWBXMLIMZMYH","child":false}]}]}]},{"type":"wrapper","sort_order":"2","specific_class":"","id_unique":"it_EWWBMMCLFKDN","child":[{"type":"row","sort_order":"1","specific_class":"full-width","id_unique":"it_RGOTSQNIVMTB","child":[{"type":"col","sort_order":"1","specific_class":"container","col_xs":"col-xs-12","col_sm":"","col_md":"","col_lg":"","id_unique":"it_OBLPNNBNOAHP","child":[{"type":"module","sort_order":"1","module_name":"smartbloghomelatestnews","id_unique":"it_HZIEXMSLQXDW","child":false}]}]}]}]