[{"type":"wrapper","sort_order":"1","specific_class":"top-2-wrap-1","id_unique":"it_DIQCYYMPRNTV","child":[{"type":"row","sort_order":"1","specific_class":"top-2-wrap-2-row-1","id_unique":"it_GBJUPIEVXJEI","child":[{"type":"col","sort_order":"1","specific_class":"top-2-wrap-2-row-1-div","col_xs":"col-xs-12","col_sm":"","col_md":"","col_lg":"","id_unique":"it_VSXNANRYFBEP","child":[{"type":"module","sort_order":"1","module_name":"homeslider","id_unique":"it_EMYNOXOMKJHT","child":false},{"type":"row","sort_order":"2","specific_class":"full-width","id_unique":"it_TLNWVDMSTGHU","child":[{"type":"col","sort_order":"1","specific_class":"container","col_xs":"col-xs-12","col_sm":"","col_md":"","col_lg":"","id_unique":"it_AZBRYQCRUDIR","child":[{"type":"module","sort_order":"1","module_name":"tmhtmlcontent","id_unique":"it_UWWXCUXQXRBO","child":false}]}]}]}]}]}]