[{"type":"wrapper","sort_order":"1","specific_class":"footer-3","id_unique":"it_HXXBKJUVDHKK","child":[{"type":"row","sort_order":"1","specific_class":"full-width","id_unique":"it_KCAWJGWAODBI","child":[{"type":"col","sort_order":"1","specific_class":"container","col_xs":"col-xs-12","col_sm":"","col_md":"","col_lg":"","id_unique":"it_ZXLFROWYQKNX","child":[{"type":"module","sort_order":"1","module_name":"blocknewsletter","id_unique":"it_MBBOXCKQUGZC","child":false}]}]}]},{"type":"wrapper","sort_order":"2","specific_class":"footer-3-wrap-2","id_unique":"it_JCBWNQHFETMP","child":[{"type":"row","sort_order":"1","specific_class":"full-width static","id_unique":"it_JHGKGIIAKHDE","child":[{"type":"col","sort_order":"1","specific_class":"container static","col_xs":"col-xs-12","col_sm":"","col_md":"","col_lg":"","id_unique":"it_ARCOQOSEPRHC","child":[{"type":"row","sort_order":"1","specific_class":"static","id_unique":"it_YSXDWMMPQIII","child":[{"type":"col","sort_order":"1","specific_class":"footer1_col1","col_xs":"col-xs-12","col_sm":"col-sm-4","col_md":"col-md-4","col_lg":"","id_unique":"it_HBSCSDLCBVCI","child":[{"type":"module","sort_order":"1","module_name":"blockmyaccountfooter","id_unique":"it_XZLNQPYBYRFZ","child":false}]},{"type":"col","sort_order":"3","specific_class":"footer1_col3","col_xs":"col-xs-12","col_sm":"col-sm-4","col_md":"","col_lg":"","id_unique":"it_HWYJSBYZKVVL","child":[{"type":"module","sort_order":"1","module_name":"tmsocialfeeds","id_unique":"it_LDDPEOEBXBNB","child":false}]},{"type":"col","sort_order":"2","specific_class":"footer1_col2","col_xs":"col-xs-12","col_sm":"col-sm-4","col_md":"col-md-4","col_lg":"","id_unique":"it_WGRBVBIBGEMR","child":[{"type":"module","sort_order":"2","module_name":"blockcontactinfos","id_unique":"it_SXGWTXUVTKLH","child":false},{"type":"module","sort_order":"3","module_name":"blocksocial","id_unique":"it_NIBROOPRYTHR","child":false}]}]},{"type":"row","sort_order":"2","specific_class":"static","id_unique":"it_IRNWFGXGVELN","child":[{"type":"col","sort_order":"1","specific_class":"static","col_xs":"col-xs-12","col_sm":"","col_md":"","col_lg":"","id_unique":"it_IMNZDTPWPYRW","child":[{"type":"module","sort_order":"2","module_name":"blockcms","id_unique":"it_WWATEACYYATP","child":false}]}]}]}]}]},{"type":"wrapper","sort_order":"3","specific_class":"","id_unique":"it_WAWZLRYXKYWE","child":[{"type":"row","sort_order":"1","specific_class":"","id_unique":"it_LQYPNDPHZXRH","child":[{"type":"col","sort_order":"1","specific_class":"footer_hidden","col_xs":"col-xs-12","col_sm":"","col_md":"","col_lg":"","id_unique":"it_SHJHMSJFZMHU","child":[{"type":"module","sort_order":"1","module_name":"blocklayered","id_unique":"it_FXDVMKYAVHXY","child":false},{"type":"module","sort_order":"2","module_name":"statsdata","id_unique":"it_GUOHHQGQMYCY","child":false},{"type":"module","sort_order":"3","module_name":"tmnewsletter","id_unique":"it_ZOWSLKRFETQO","child":false},{"type":"module","sort_order":"4","module_name":"tmolarkchat","id_unique":"it_TQXKBFEPGKZU","child":false},{"type":"module","sort_order":"5","module_name":"themeconfigurator","id_unique":"it_WRTPHVRXNJRT","child":false}]}]}]}]