[{"type":"wrapper","sort_order":"1","specific_class":"third_top","id_unique":"it_FCMQTPYLCSPP","child":[{"type":"row","sort_order":"2","specific_class":"full-width light-bg top-3-wrap-1-row","id_unique":"it_XWEXLFYXSLGL","child":[{"type":"col","sort_order":"2","specific_class":"container top-3-wrap-1-div","col_xs":"col-xs-12","col_sm":"","col_md":"","col_lg":"","id_unique":"it_BPZIEEYRFQJZ","child":[{"type":"module","sort_order":"1","module_name":"tmproductsslider","id_unique":"it_VVCKFXPYVTGZ","child":false}]},{"type":"col","sort_order":"1","specific_class":"loader","col_xs":"col-xs-12","col_sm":"col-sm-12","col_md":"col-md-12","col_lg":"col-lg-12","id_unique":"it_UGRWWXSXJXIG","child":false}]},{"type":"row","sort_order":"3","specific_class":"full-width top-3-wrap-1-row","id_unique":"it_PHQDDWWOFULV","child":[{"type":"col","sort_order":"1","specific_class":"container top-3-wrap-1-div","col_xs":"col-xs-12","col_sm":"","col_md":"","col_lg":"","id_unique":"it_YGGDRHXWOKXA","child":[{"type":"module","sort_order":"1","module_name":"tmhtmlcontent","id_unique":"it_FDCYCUTZHNEI","child":false}]}]}]}]